x,Participant,Session 1 Status,Session 2 Status,Notes
5ZvErn,schedule_person_040,Completed,Completed,
,schedule_person_077,Completed,,session in SS2
Z3o5ez,schedule_person_058,Completed,Completed,
cxqAlM,schedule_person_103,Completed,Completed,
vTz3Zo,schedule_person_018,Completed,Completed,
gfLJb1,schedule_person_105,Completed,Completed,
K5r7G8,schedule_person_100,Completed,Completed,
27Ujai,schedule_person_059,Completed,Completed,session in SS2
8OdyKu,schedule_person_045,Completed,Completed,
,schedule_person_002,No Show,,
5MduQQ,schedule_person_014,Completed,Completed,
sHs2q5,schedule_person_030,Completed,Completed,
w9N53b,schedule_person_091,Completed,Completed,
0583fE,schedule_person_011,Completed,,
Vvj620,schedule_person_038,Completed,,
l3Vg7V,schedule_person_102,Completed,Completed,
47ca4D,schedule_person_092,,Completed,session in SS2
jc6FN8,schedule_person_068,Completed,Completed,
8E1o33,schedule_person_071,Completed,Completed,
33zZF2,schedule_person_056,Completed,Completed,
,schedule_person_090,Cancelled,,
tjVt16,schedule_person_088,Completed,Completed,
akNRN2,schedule_person_093,Completed,Completed,
zaiE3P,schedule_person_089,Completed,Completed,
PFmBzT,schedule_person_039,Completed,Completed,
3DA6hq,schedule_person_076,Completed,,
mVh5gx,schedule_person_004,Completed,Completed,
